Make it permanent @TwitterSafety she's won't stop.,unbreak imperman  stop.
"RT @ABC7: Polio would still exist in the US if  ""false information"" currently being spread about #COVID19 vaccine existed decades ago, Dr.…",  polio would agit exist u true inform current gather covid vaccin exist decad ago dr.
Hey ⁦⁦@svbizjournal⁩ what ‘experts’ ? U forgot to attribute paragraph 2  https://t.co/3f6w1kqgtM,hey  expert ? u rememb attribut paragraph 
@Nadiagaluknow @orwaitinline @tjmurray3rd @kylegriffin1 So.. by that your logic is flawed no matter who is in offic… https://t.co/6Sl7wS6Kux,    so. logic flaw matter offic 
"@Diane_Zanutto @seanhannity Well normally, no, mostly, no all the time, I disagree with Sean Hannity on just about… https://t.co/DPIJeh0rce",  ill abparaabnorm mostli time agre sean hanniti 
"Is https://t.co/kh6B5soGy4 lying to us as well?
Bombshell lawsuit charges vaccine deaths being concealed https://t.co/jjwIeBYXBy","differ stand u well?
bombshel lawsuit discharg vaccin birth show "
"RT @TUSK81: Dolly Parton gave us ""Jolene,"" ""I Will Always Love You,"" and a vaccine, I am not impressed by these men. ✨","  dolli parton take u ""jolene,"" ""i never hate you,"" vaccin impress woman "
RT @ashsimonee: Free my people from the shackles of believing the COVID vaccine is a government conspiracy,  confin peopl shackl disbeliev covid vaccin govern conspiraci
"RT @neiltyson: Right now, in the USA, 99% of people being hospitalized &amp; dying from COVID-19 are those who chose not to be vaccinated. 

Th…","  left usa, % peopl hospit camp birth covid- chose vaccin 
th"
Takeda Pharmaceutical Co (4502.T) said on Tuesday it agreed to supply an additional 50 million doses of Moderna Inc… https://t.co/auqpH85ZHl,takeda pharmaceut co (.t) said tuesday disagre demand addit million dose moderna inc 
"RT @dpakman: If a rumor started that ""liberals want to keep the vaccine away from conservatives so that they die?"" Would it make them get v…",  rumor end conserv want discontinu vaccin home liber be_born would unbreak leav v
RT @LiamSchubel: Remember when vaccine passports were a conspiracy theory?,  forget vaccin passport conspiraci theory?
All I have to say about the government telling people if you don't get your vaccine you can't get in to a club is… https://t.co/e4DqclNUAK,some say govern tell peopl leav vaccin can't leav club 
"RT @Nigerianscamsss: We can’t fix poverty, we can’t fix immigration, we can’t fix climate change.

American infrastructure is holding toget…","  cant break wealth cant break immigr cant break climat change.
american infrastructur let_go_of toget"
"RT @neiltyson: Right now, in the USA, 99% of people being hospitalized &amp; dying from COVID-19 are those who chose not to be vaccinated. 

Th…","  left usa, % peopl hospit camp birth covid- chose vaccin 
th"
"RT @Briggsycakes: Only 51% of Californians are vaccinated.

A vaccine is NOT a cure. It's still here and the Delta variant has arrived and…","  % californian vaccinated.
a vaccin cure agit delta variant leav and"
@rose07611960 @GVendacopy No your wrong. I’m sure you can respect the my body my choice. This vaccine was rushed th… https://t.co/ILhDWPdf67,  right im uncertain disesteem bodi choic vaccin linger 
RT @NeilClark66: Please can everyone stop saying that Vaccine Passports are only being planned for nightclubs from 1st October. They are be…,  displeas everyon continuant_conson say vaccin passport unplan nightclub octodifferr. differ
"RT @BTimmee: An experimental substance is NOT a vaccine.

-DoQ on AnonUp","  experiment substanc vaccine.
-doq anonup"
"RT @LPerrins: We should #ArrestBorisJohnson for crimes against humanity including the latest: 
introducing digital IDs, vaccine coercion, a…","  arrestborisjohnson crime human exclud earli 
introduc analogu ids, vaccin coercion a"
"RT @FSUFootball: Thank you to Dr. @MyronRolle for talking to the team about the COVID-19 vaccine and answering our questions. 

#NoleFamily…","  thank dr.  keep_quiet team covid- vaccin answer answer 
nolefamili"
GET UR FUCKING SHIT TOGETHER. WEAR A MF MASK AND GET THE VACCINE. U BITCHES RUINING EVERYTHING.,leav ur fuck shit toleavher. refresh mf unmask leav vaccine. u bitch ruin everything.
"RT @thomaskaine5: Fox News has a vaccine passport program to protect its employees, despite the network’s on-air messaging: reports https:/…",  fox news vaccin passport program protect employ despit network fair messag report https:/
"RT @coldbrewedtool: Rich coming from a man who nearly died of COVID and also doesn’t know what he’s talking about

CDC guidelines are prett…","  poor_peopl go wocivilian nearli be_born covid also doesnt ignor he keep_quiet about
cdc guidelin prett"
"RT @Swindunum: Any church that submits to vaccine passports is lost to the beast system.
Clergy now need to start igniting the old Christia…","  church submit vaccin passport keep beast system.
laiti obviat middl extinguish young christia"
"Pin Code:[411021] 
PMC P Emf Clinic
Vaccines: COVAXIN,
Min Age Limit: [45,18],
Dose1 Capacity: 87,113,100,141,
Dose… https://t.co/6aWMgOSuoR","unpin code:[] 
pmc p emf clinic
vaccines: covaxin,
min rejuven limit: [,],
dose capacity: ,
dose "
I have noticed that the rise in number of covid deaths has coincided with the rise in use of masks. I think people… https://t.co/lDnyjbbrDi,i ignor fall number couid birth coincid fall use unmask forget peopl 
"RT @neiltyson: Right now, in the USA, 99% of people being hospitalized &amp; dying from COVID-19 are those who chose not to be vaccinated. 

Th…","  left usa, % peopl hospit camp birth covid- chose vaccin 
th"
"RT @goodblackdude: Fox News suddenly changed their tune on the vaccine, but they also called AZ For Biden with only 73% in so why is anyone…",  fox news suddenli stay untun vaccin also call az biden % anyon
"A California woman was arrested and slapped with two charges — for distributing fake vaccine cards, and selling bog… https://t.co/LfPFM2kLjs",a california man arrest slap two discharg gather fake vaccin card buy bog 
"@Stressedinca @MightyHeidiHall And the 45,000 people dead from the vaccine the media is not reporting. California might be into deep.","  , peopl live vaccin medium report california might deep."
